temperature,pressure,vibration,failure
27.659232152389293,1.3820218265124198,0.5840817608432819,0
24.529911127761782,1.020426949001906,0.5822368949869519,0
21.00274682013403,1.0652632901191055,0.5653209107258774,0
19.021386390545455,1.1921825259768948,0.6449218096349288,0
28.179891881909356,1.3628122365389785,0.6195246976243167,0
20.971358812515064,1.1101883712226144,0.6039587725379079,0
24.033394515916147,0.9542321385917647,0.5627846111877912,0
25.82710069979037,0.7378409844512275,0.6574703036371519,0
30.962024162673643,1.1734586607528226,0.5182978077403915,0
37.51651140039761,1.2184551773977164,0.773962529052908,1
14.582552222003198,1.2913724203306394,0.5742848572669877,0
25.04912455031305,1.004321673861019,0.7232164475525888,0
31.08513072911841,0.9572883237547698,0.6988662704450965,0
29.86519904859239,1.4981112394070621,0.61344573143988,0
25.50403394713104,1.2220825668445336,0.6351651259536318,0
24.573944506590678,1.2512276502160544,0.6201101856232352,0
26.302423291188447,1.3947907069083514,0.5996562834052211,0
26.883000645967787,1.1051487031030789,0.4836961861238297,0
20.75709659800508,1.0269718835188038,0.638006322597785,0
18.495425893454918,1.5443581414740994,0.48260929255284196,0
25.23717807341182,1.3248334062344271,0.70416050645312,0
27.434417645464084,1.2177808160930825,0.5570383980456644,0
24.974991500510853,1.2952767775276772,0.7008170534390401,0
27.857281020800983,1.1622492646212728,0.4633222834435811,0
29.684028268521775,1.0926249599071154,0.5302237321346714,0
28.152902734746768,1.2797195128897842,0.7934526989623838,0
19.146542747430658,1.2235346598285473,0.6794272375942334,0
18.970287134148656,1.0197013765719118,0.540721915893337,0
24.03340701131641,1.5380444164131442,0.5078059584981074,0
29.073669721716904,1.312514004318025,0.5461629126097449,0
21.016383669374576,1.158595199256749,0.4380039873479307,0
26.036968839385455,0.9651209289345954,0.518521931166654,0
20.499247887780037,1.2208393251415341,0.5431662651836656,0
29.297234485200875,1.0321453361313924,0.535399361476604,0
23.730497192198733,1.0735498368372347,0.595625234408814,0
23.82523340798176,1.2695693833943478,0.5029751698342181,0
24.086148093274332,1.1902510220195113,0.6263841308298013,0
28.68271896654754,1.1780335475578818,0.6100794734832409,0
28.669107756149728,1.2702311691516914,0.6642066750065675,0
30.7884293187643,1.6796388490749834,0.577427457071626,0
23.10703433980782,1.6088701640600986,0.4503432512629755,0
17.40606654263982,0.8611404586152052,0.45523889554473396,0
24.337994816635177,1.1846799908045067,0.7753945031443417,0
23.295081630084546,1.1252270401033997,0.5735569770590568,0
26.87649103413332,0.9968224995471037,0.5598662137987434,0
26.182799222261284,1.1949104392111973,0.6824384198985805,0
24.852719445385087,1.1528931086648961,0.6814664880023557,0
23.211740015708493,1.614518718192768,0.7033131844719733,0
21.373236847637703,1.6885678550163568,0.6077391573747246,0
26.69512762250638,0.9938241266367976,0.4604159413000203,0
25.831216005090898,1.2676576643666584,0.6269039064380573,0
27.17301080240992,1.393755572251988,0.6132849606761661,0
17.804366476666296,1.297287491992726,0.4729570712194189,0
25.325118182872934,0.959984017485898,0.5976302833582765,0
31.71391324989194,0.935839557695936,0.5472876938570623,0
22.59680217098034,0.935165842320792,0.5710367886371559,0
21.69651764813196,1.1203450591155777,0.5898995238474251,0
25.021287586057923,0.8693224678564503,0.7143435195907416,0
28.80495407149954,1.159810346120623,0.5018895845691329,0
32.41514017983863,1.0940905355894093,0.7730378700143467,1
21.003390037758965,1.0181488245579389,0.6189248640550294,0
10.777413094626224,1.2119207143583348,0.6117523558061733,0
23.984156179907096,1.0290866423096554,0.5994981732933865,0
17.18169479419914,1.2051503402420845,0.5070478198069419,0
32.78908138296525,1.2590670435391795,0.6243080629869937,0
26.854162840528588,1.0355097733982976,0.6099653602781787,0
24.67146915634531,0.9508985737050666,0.6190517410169076,0
18.496951283074168,1.166166627561664,0.5450008734084152,0
30.169379432954457,0.948354652207904,0.48172633455442904,0
25.00512306491932,1.3467931311605386,0.5033396546150304,0
31.299961921985343,1.1855297111056082,0.7096117107595743,1
25.790210119506803,1.1364228551631619,0.6201390333533497,0
23.886114530174783,1.5853779302071005,0.46434393299357957,0
28.986244490082523,1.142185208549382,0.5962478787907239,0
15.286706772952385,1.3609653559302362,0.5098548894412963,0
25.163068513919747,1.0301176393335425,0.4484890168228732,0
24.60874056419667,1.5285675883439627,0.48368688381356134,0
34.72903565482053,1.1871470021646715,0.5205405854267255,0
30.22981089837902,1.6326536289563762,0.5705299913747701,0
26.64451623210218,1.0811357548880105,0.6083440077140266,0
24.8467141959278,1.4217192321771315,0.6803650277880099,0
28.97989170919242,1.0077407706592632,0.5150304088208617,0
16.40973620173465,0.9359848796120409,0.6004175541808984,0
31.36935826693027,1.1401729784435222,0.7828630237927183,1
23.882921711789837,1.3116940500386471,0.384902027328604,0
22.498218771890166,1.432149904264966,0.5038441385695953,0
29.57723974022907,1.2403922828496041,0.6046418846685232,0
23.396643388181626,1.1981099583050685,0.6753400908314747,0
29.6806259871827,1.1487063572375575,0.3553332530974592,0
22.95307690808549,1.4910904235701221,0.6415697271073797,0
26.113119266361775,1.1592295803258112,0.6714673881806066,0
23.342817712135908,0.8455387974720137,0.5774971687696167,0
30.787269827932157,0.9540903117262415,0.48116761814479525,0
16.44599044339914,1.5019821211834503,0.39614187830612047,0
30.97888603861322,1.0742000944128098,0.5503429367791859,0
13.413359405803487,1.2828278013181538,0.701563394617218,0
25.533520159921167,1.1729083223808956,0.511692314298406,0
31.52819355508252,1.6457274873867644,0.5655170593196321,0
32.15263276748737,1.1124801093291636,0.6408234250616708,0
23.61564582857876,1.3242320510753456,0.7053497578930397,0
19.223288332119495,1.2251821460822017,0.4575883463510803,0
19.727099058494524,1.0504231270955844,0.5754338310385164,0
21.792910504739197,1.4054279489347317,0.4872378940586544,0
31.345850762867528,1.4559211229899958,0.5172700567711309,0
25.668875389957133,1.235246231490777,0.596422207569435,0
19.84085815330767,1.0610966462236824,0.7077844181439469,0
19.05727363299889,0.968808725543911,0.4903350321942392,0
17.722398697877978,1.079768415542193,0.6294901808034441,0
20.61215840073745,1.1806372233262241,0.859187657278423,0
23.815137092325497,1.1490699645694562,0.5730489245444553,0
20.31137694100581,0.8158341837877242,0.626895801534687,0
28.707277554415768,1.721806758913453,0.6601064828670086,0
30.102028178948864,1.3239225846412006,0.8335331083438116,1
28.18770808290441,0.8424997562125045,0.7425788160891351,0
30.07818635659123,1.3762961943784364,0.566321869888127,0
24.249704547028585,1.4126804546978147,0.7670104191406746,0
24.372918101684238,0.9008515086484448,0.47492028519187035,0
31.713972500345285,1.327820844539179,0.6864415204581253,0
26.464524178863353,1.1177846739290396,0.6157075978211328,0
20.428581896367668,1.1495400900576225,0.468738677801921,0
25.718284884104328,0.8297566842458393,0.6406018234402585,0
22.530700582661087,1.1273233465626369,0.5993881533806178,0
37.64745387357253,1.279031057592389,0.5374220280829307,0
20.641056055810438,1.3764302312244647,0.6546533933362333,0
23.222447678994687,1.3397053445872333,0.5596175378207662,0
11.273004905836618,1.4382351092093617,0.6761528694003444,0
12.899641892982833,1.3741055996563178,0.5628981087847519,0
25.157252459709557,1.1318248031746687,0.7555679522090551,0
31.987414481248265,1.2811090488634174,0.4811824419150196,0
24.93043244526757,1.1932609961873333,0.5521893368855593,0
18.330999425056334,1.4522601391435734,0.6320759698813094,0
23.239360113301803,1.20177622234835,0.7198008304396419,0
18.346898151926915,1.1569343971684272,0.5962028285437022,0
27.34529439300563,1.1257433226899725,0.6521331532957549,0
29.016259569830748,1.5332353307585338,0.6743372661050522,0
25.445562179550713,1.3411602602592467,0.6273804086287429,0
29.734271427703444,1.24783681221673,0.5198953408520588,0
19.37844526643384,1.4137941508437575,0.6490132645852297,0
17.311168778705145,1.0202745977085887,0.5903409315503129,0
24.966724183347047,1.061010281808941,0.8768542172124649,0
27.80090202160946,1.1539956497690116,0.6259334150820758,0
23.072237111553846,1.2076910965629586,0.5222799494719661,0
21.031286738795732,1.2741666582307012,0.6525019649968854,0
21.470808523562198,1.347292701979321,0.6997210560767005,0
23.046532586872107,1.3580044456940654,0.6514124868321725,0
25.834398623189095,1.0068703226405311,0.5482838280911501,0
18.022759125702514,1.0985762955563942,0.7317304764054239,0
25.440738337669952,1.266284366094697,0.7083819620784205,0
28.00789331898843,0.9537300410713478,0.6224148261829415,0
22.084069248246763,1.220399231680011,0.5321791215084754,0
23.64915471017446,1.266808137463255,0.7460613207361978,0
17.91656836980065,1.4553279965835846,0.5094074812271262,0
24.89828413039427,1.3292656765629352,0.4752182176091402,0
23.850686226881567,1.3901784552509346,0.49647405149413104,0
18.794443173079305,1.3262470297739706,0.5924449545300227,0
31.026566823760977,1.0019157494481798,0.679444419319375,0
32.35326903376127,0.9584856455924458,0.7301977800733939,1
28.939947008629005,1.3394894095209726,0.6340816145271051,0
31.22661780848727,1.2394531268028022,0.5422343098221915,0
21.664163902672964,1.1711374595060255,0.5716946509751109,0
32.1277986909568,1.171278981171669,0.786909331264575,1
26.033582923851657,1.0141618579365665,0.6218609661095893,0
18.818827780822634,1.0693153630034715,0.5521015561802096,0
22.72112879927511,1.1710694314082488,0.5083596819330533,0
20.472132098641545,1.3038617955316893,0.6313865445683909,0
22.142475378467342,1.4045387322041907,0.35441853466434703,0
30.999963035646672,1.2379872874508553,0.6078906812225902,0
24.246532363324633,1.0673275952539394,0.7273752066217144,0
32.507693247307074,1.2683439766588,0.5411122238081097,0
29.32822334540658,0.8856848262169461,0.501183395986075,0
25.261376344798755,0.9185988979994406,0.6010307294360856,0
29.846820960983234,1.1941429929299057,0.7060423123531134,0
36.61478843789226,1.3980018765507514,0.665586532971529,0
29.06053878991782,1.2357099014923798,0.7062261607151477,0
29.042722748455645,1.4520838171869257,0.634404235811676,0
9.857599302092426,0.9714875404390071,0.7662393418013013,0
21.53180810157523,1.4109084136495085,0.42082314679194044,0
33.78850392021907,1.411181494762278,0.7486213961681554,1
16.250006357241134,0.8518275243132691,0.43600740517360215,0
29.323702351124464,1.3492517937127602,0.6852108336137712,0
24.67609770487344,0.8450579704931331,0.4944005344353247,0
28.476872895225153,1.3385710796500043,0.5341632414408556,0
24.380891222126053,1.0929113941157111,0.3878272767011235,0
24.88016441037177,1.2156227822972174,0.5829530249336207,0
32.92913024698677,1.1564761084883703,0.7265454980903018,1
26.869293983125242,1.2060843947940756,0.6581896021834724,0
32.71089471171761,1.3535081416031636,0.5901396283720868,0
27.462803266378963,1.1126129694347107,0.32703640802281975,0
25.53434334724797,1.0964608294018887,0.5776297321581493,0
25.785292843896038,1.432832642061618,0.574815907618762,0
34.46650963269151,1.140472679482036,0.5900420908089036,0
26.090085365428966,1.216775670306281,0.4872463687295469,0
27.693640511652266,1.4625654095382203,0.6919874431117721,0
26.129467441008952,1.2169181018141306,0.68789237164657,0
28.646606066744024,1.8063023059275958,0.4844178341396751,0
21.98684713379667,1.5180722282021426,0.6142769745515193,0
25.19157470696172,1.319688646882066,0.6257956586964248,0
24.36055572247557,1.2952061463145212,0.716756337716517,0
24.93742827376966,0.9967436112924253,0.5095816800378996,0
17.767597266485375,1.3164858414721308,0.8667965468699671,0
31.593633632501977,1.0069377783793323,0.7312436623288218,1
28.16284462843539,1.2254995208867632,0.42669286805691536,0
30.267337881857863,1.1182734511933043,0.5741353466307965,0
30.58179615896246,1.1176092847940793,0.6684723316383774,0
28.93674112575149,1.4283773481237088,0.611458258448885,0
31.801400845556778,1.2916831370898212,0.6499548624019539,0
17.306470010069674,0.9476523220289339,0.5933352536988693,0
26.552512142287053,1.2864592290937025,0.5744914807838596,0
34.39239391724392,1.1594000563556592,0.6392660261435692,0
28.89534092055472,1.1656242525051344,0.48488214515077294,0
25.132998655819332,1.2214933190112973,0.803096155461741,0
34.805898346067735,1.4006853940508526,0.5780211419882434,0
23.64997207232672,1.0654162222814374,0.5782077263774587,0
21.521282616920356,1.0337287770190167,0.70311350104785,0
27.206375852859303,1.0703128660804362,0.6829912039804535,0
26.332796072397063,1.1773740855081438,0.4997002910990452,0
18.774373949307268,1.2945929108055714,0.8541480315048405,0
27.849322396068047,0.9670887577615542,0.8050138280880788,0
28.470697345439426,1.0242035231388271,0.6442823865643194,0
17.05884745168032,1.0475247310982647,0.6431771554142848,0
38.83624229584957,1.4452344053208028,0.5045063104619304,0
21.294112133434943,0.7570556103052051,0.4631560266531423,0
29.203923626783116,1.41700418107144,0.7622230535633218,0
30.275682202042415,1.1165422331558648,0.5542763905957913,0
34.995427583075696,1.383669982010451,0.3778426201563867,0
17.20125142882209,1.1771204594255347,0.7515902090812526,0
29.25289955154623,1.3529129690170367,0.6266146601173777,0
23.3726819589933,1.291317231231347,0.6965293200767056,0
23.30517983475949,0.8952359186148946,0.5620986295976546,0
24.110330346035752,1.400735715432317,0.5940288634672187,0
24.78416901382034,0.9822135641577087,0.6263542036460573,0
23.465171410495177,0.9577705334377404,0.5194531668284982,0
21.981119687508862,1.1824366586281834,0.4587164435342146,0
28.713012090708173,1.4876763706668872,0.6206625221607244,0
29.256585567548456,1.290959440747013,0.46106686994503154,0
23.291354357035868,1.159839101771114,0.6696819842736891,0
31.441864412512075,1.2737313774483197,0.679068923499262,0
21.72380722931416,1.516820242856469,0.5823440582777141,0
36.533270173788154,1.4873486480834037,0.46964326401916145,0
28.19757022868393,1.381622492708683,0.5650833147173288,0
23.373656455138093,0.8621023227610495,0.7017602783068551,0
28.85973131163958,1.4382435177968698,0.6987670906194113,0
39.898618973612436,1.2641894088622148,0.6187467145435421,0
29.76033910864026,1.1239290770593011,0.5095323848865012,0
23.62251770624825,1.150936898172415,0.49012088755631383,0
32.014982414399896,0.8618698757904029,0.4876399193825071,0
16.99989043469138,1.144561236381432,0.4963024386211614,0
24.18520591553102,1.230174200995936,0.7557862449526214,0
25.181548204078062,1.1150146629329913,0.6041785893937835,0
27.03533581271675,0.7181794727032698,0.664854155563622,0
26.70323194728778,1.28126098200657,0.5815787245419645,0
21.15463235067913,1.2260455880481913,0.7336544527134065,0
26.34479818256401,1.2045917826636086,0.4992240659780849,0
24.590092814299854,1.0880414306048598,0.495977282409496,0
27.15221962856889,1.1780406273033186,0.6960500569719295,0
20.760467695747614,1.0601804510739816,0.6049005553020579,0
23.259256692234167,1.218018542205535,0.6098310110004699,0
27.336749826899293,1.294924104137979,0.4599775611320629,0
23.43714598504647,1.433372492652866,0.6110373552495004,0
24.526270911354842,1.3720961665121438,0.7497294485181765,0
21.86080692177413,1.6619486148929714,0.7633264895443161,0
24.16027872019658,0.9952752284210089,0.5689458230164203,0
23.828127294173978,1.3322731427377885,0.5513129101388953,0
28.220111303420182,1.3292797762289437,0.5917091679418807,0
28.896249493444838,1.1729839634005756,0.7572673867975562,0
29.961792495241433,0.9077554505466185,0.6684154537959113,0
28.51968668882131,1.0300559456903866,0.612120321762972,0
21.766632628260876,1.1708543331953338,0.46565255193708044,0
25.07613453862248,1.1941269640384213,0.7420326332116548,0
26.929600610094433,1.3348154219485246,0.4776634522619457,0
22.204971540137837,1.103306011994358,0.5888913677899702,0
20.64883752327902,1.171719024049941,0.6570056797362865,0
19.092505141419352,1.0223255589327023,0.420751739088079,0
25.28457512965484,1.304528271546764,0.6323051081201639,0
19.233961589197076,1.276804858151924,0.4954745018757811,0
22.996036863060976,0.8153888843308927,0.5761226264234283,0
31.504947451016314,1.0415090325766818,0.6386344427169857,0
24.698014855479077,1.3176402694212161,0.7349887589411683,0
24.325186449257824,1.0877241287625778,0.4935438678578731,0
25.341112792647376,1.1892480179317082,0.6758082194965356,0
28.843901040174245,0.9361234259174747,0.5883083595486933,0
38.851980931573955,1.1558568771313162,0.6514745780546206,0
22.09089780102751,0.8591167462675979,0.5076725756139795,0
29.998901471418378,1.3308587495138353,0.6084966072381988,0
29.23274129054705,1.0586267303677719,0.7358285781161965,0
30.956927264223985,1.4022063365855535,0.6080044253311191,0
32.62122052507334,0.8770374655203923,0.5103844162011626,0
31.42735210667108,1.185467888373789,0.3748759145450742,0
31.933767300360476,1.1731246873348433,0.5281858640591389,0
22.530628832561117,1.4128659148984481,0.610175247595316,0
27.267363795528055,1.0551234932679947,0.5989725436817218,0
26.25661123718601,1.3231547727621893,0.7663244225496464,0
23.211275531635238,1.0994631066842557,0.6204800930040504,0
19.094204894377015,1.3802170244124181,0.6678579272445462,0
11.03478415639352,1.0795580193584817,0.6569405226821453,0
17.130724653528382,1.2259808681450741,0.6206815717672759,0
28.212733419362564,1.3977899931106397,0.6391450407921223,0
22.26083801268766,0.9044299634078085,0.6526977714559388,0
22.2509666514136,1.0653715462800604,0.7236148885543348,0
21.83097765653156,1.389283325619792,0.6600070872055805,0
20.20074621183079,1.2403825489753264,0.5714704808914185,0
22.61289604030447,1.394893764223954,0.6844734867826564,0
23.077787234558745,1.051437532394029,0.6358676785301046,0
26.938969333400497,1.2619402893379708,0.6388150462650457,0
25.134679696663078,1.2394442957076275,0.671722466954449,0
30.80211636704371,0.8602759118079779,0.6815979120509355,0
23.948877094642793,0.6806341392644453,0.7150089090878169,0
19.873166665417514,0.8666479451110124,0.5747981537669411,0
24.296612232219978,1.3790869991694361,0.41145152348898406,0
20.17526829907266,1.2169870376533598,0.6715617876193747,0
26.003585766094037,0.8404593476137647,0.5562734734922913,0
27.34586595203708,1.1875826671915768,0.65111986016309,0
25.76765502021273,1.2634400301650492,0.5594493553816894,0
27.290385313514275,1.5645675471224632,0.6177981455592609,0
20.93262998268725,1.317802526033708,0.7351190312259342,0
24.78466134354916,1.1127521107767737,0.6219598325222984,0
21.823994787067544,1.2972027026876958,0.7900711081529778,0
29.625324430277573,1.3884557196551603,0.6932567345185161,0
34.72716529914885,1.2266759444551378,0.7746107076278638,1
19.267870555500267,1.383648470087404,0.4998567846295504,0
18.991904376838555,1.1641176853360715,0.5354643715179895,0
31.381591813014225,0.9140291675087164,0.5070508069586178,0
34.59730457290574,0.8990242492173997,0.6677734987848599,0
25.168593606347322,1.4311532648401435,0.7551397985126692,0
21.167313699502497,0.8777784585702356,0.553675702892207,0
27.150737932409793,1.2468178237530676,0.594748792375252,0
20.203116302426118,1.0996206427193493,0.5985085357506607,0
28.419967724477367,1.3382252815924367,0.5979771584840758,0
29.598165575470432,1.241160215440488,0.7083947904869441,0
22.298498289248542,0.9387324719470387,0.6483131625034447,0
36.062102518825995,1.1099022090434558,0.6417927733815052,0
26.22710146392837,1.3395667652955603,0.5414233331244606,0
19.084379242117343,1.757827805471028,0.49546966528083153,0
25.363804443209577,1.2723592664486387,0.8243043898502975,0
29.941829685281764,1.319414826693645,0.5552356993902777,0
16.42584672150675,1.220199991661874,0.5617552618806971,0
22.21768131197063,1.3384808687831615,0.5682735582450588,0
20.80017049451661,1.1611697487386898,0.5538082361853898,0
27.027953171888786,1.2685831786600075,0.5058276416276146,0
16.59014077783528,0.8890311598339931,0.6873673369542203,0
22.331101700699037,1.7158768137237035,0.7430471119032824,0
25.697276303443847,1.2610126669375017,0.6804718961260003,0
22.079331198616543,1.1424430554425153,0.4379568297984663,0
26.504996482008302,0.9916970873260799,0.6874742254857648,0
28.933951155689144,1.0456941139450247,0.6429772357979746,0
30.31108562625798,1.0068476892351361,0.5762515221448036,0
23.356149514353763,0.8325607455261906,0.5004159451926122,0
21.562990788318533,1.27917214055527,0.5442624531204793,0
32.35623072332932,1.0007989459549367,0.6056611349770817,0
19.74233222204605,1.5066244846815549,0.5958905191386826,0
21.77421506039161,1.2027218385465381,0.6146435911290082,0
17.702487509609263,0.8683550397158036,0.538437306348903,0
27.887518118721022,1.2523734217552576,0.6101980549061351,0
21.165931108870204,1.1880027664791182,0.5260565272276088,0
29.151973926668884,1.4755832085385612,0.5861633266699152,0
24.17573821836357,1.2896874581670648,0.607117070134608,0
26.356230637024204,1.318111385320352,0.6487964790086599,0
30.660379846394456,1.0891071455194055,0.6417738068533015,0
27.07620819906652,1.0907809556864156,0.5167450622401426,0
39.153874357436095,0.9970007686875587,0.48607494038196497,0
15.323847726798075,1.0946305163436765,0.464775973348749,0
25.900228403713935,1.3552022139675757,0.7012847674748934,0
13.710512351236213,1.1067199941985963,0.7406451730104907,0
23.20656484394387,1.2765942854652021,0.518018866699268,0
29.65379396233681,1.0964170520670513,0.5466920714217782,0
19.066551030072475,1.185358952482283,0.6290768650871851,0
29.040184325528767,1.059202701292509,0.755865029553869,0
18.432999603722905,0.9187432204301853,0.46961139617239067,0
32.8434345087371,1.2123154388198294,0.6778053811560155,0
25.11462204445356,1.4514994563959498,0.6527938097158094,0
28.638802363950727,1.0068290859593718,0.6294118213852942,0
26.629734391789448,1.1470405445009533,0.552066421734474,0
26.408476983526565,1.1726134641740755,0.5177034203184631,0
24.08867433667478,1.390823527134244,0.7390655497002034,0
23.277466499994894,1.3821086442459585,0.6721721740126979,0
24.26826536297347,1.5562618177213066,0.615908523773324,0
22.38816635179559,1.189966530447662,0.6145260476698213,0
24.340298588006927,1.0452324763705407,0.43008900426542135,0
30.18855642909599,1.3861823739876282,0.6273139151091129,0
34.55152195293129,1.0819189947041479,0.6613637931889851,0
25.26961486681621,1.1830572272547513,0.4993699438404588,0
23.14898029254372,1.1632673933830298,0.6200167927965337,0
30.50946211997229,1.1494832313947287,0.696761960240835,0
27.51352918953774,1.2741349487868447,0.5988049417215958,0
30.656417205478974,0.9412697936902754,0.48412647640243134,0
24.326952010769677,1.156499872805425,0.565194316306285,0
23.525360092260364,1.3131522600894832,0.5503027850893673,0
27.171591064271524,1.279907100007517,0.6467536366659914,0
21.500245750687455,1.1581865364840773,0.4821688807335044,0
29.460740216378483,0.8836237028145263,0.5594994197373594,0
28.838294140570756,1.0261572268464514,0.5594038795561362,0
18.007314965882987,0.898304887616006,0.5464947230453138,0
20.63818428262909,1.00157673620414,0.6283483220743801,0
18.662585235183755,0.9587590124172496,0.8135639441152295,0
32.01159080141358,0.9719461007507196,0.6123380858873273,0
18.743415731622637,1.3768364873937482,0.742392693796375,0
21.80821213279945,1.3133965868278124,0.5508204793130695,0
25.951488390660185,0.9864538997728686,0.5144746761770085,0
24.838167518114993,1.1607229914392538,0.539193984482546,0
21.13813240366994,1.0168083578051408,0.6428867295789175,0
24.893893965311435,1.2553388596548618,0.5669608956784993,0
20.42533244982353,1.401310002502935,0.5297248250514723,0
22.512345082437697,1.1029224274981333,0.6149435252132597,0
19.58362080010268,1.2704637292981156,0.48563635299410723,0
25.456676047493122,1.3562776177750688,0.5552565585575218,0
25.26631295109908,1.3888830006088861,0.4749525842558633,0
20.926734709680268,1.668104593237228,0.6333122910438315,0
22.34701885366767,1.1193784450400568,0.6967893022816011,0
19.897712770771847,1.5298501550550387,0.6240368896359355,0
27.191266777763968,1.041473550924924,0.5708211079092076,0
21.56452750506138,1.0141426918526202,0.5357751227194671,0
28.21766433852954,1.0282222129676872,0.5566112346781,0
20.7296190760424,1.3591849137879262,0.565011157567868,0
22.469117771354984,1.2031144337515618,0.8120089555930511,0
27.04196693325021,1.2804663467639539,0.46788287703569265,0
29.17382792129669,1.2908356678283164,0.5966347797631736,0
28.825959806194945,1.2090450849114416,0.4626831353912527,0
12.337540702142341,1.5358610490013977,0.5253254269552043,0
27.88755418138435,1.1944912410259991,0.5794387812067907,0
16.200836294275106,1.7166023668967534,0.40950406992662575,0
29.00771502254675,0.8858246037639057,0.6081890756458558,0
29.459941459521104,1.3956494183587538,0.642574227197355,0
23.77150695336438,1.0778551400430638,0.6035126741936235,0
23.715889801545817,0.9475027394059535,0.3254554093252893,0
25.33630619871196,1.1635614213787788,0.6472616372806493,0
27.1232240321077,1.6233644302383536,0.7439130127835573,0
27.16160629020036,1.1689787743735167,0.5759126386302659,0
35.475809127713944,1.3633836950278353,0.7052856096615399,1
27.032500367178223,1.1895564275363344,0.41909470299414586,0
22.401628631180564,1.471517672547065,0.6489773349583954,0
17.21429946862637,1.1182101971122052,0.545790477383462,0
22.918079159923593,1.2196516953361425,0.5910456034593518,0
38.44028237576029,0.9855128786156827,0.7105411511374295,1
26.07125853955083,1.2959564944027304,0.6503233774031183,0
28.637605055711994,1.202883084436277,0.5819029624636511,0
28.45372442180575,1.5143676926834184,0.37227123271169626,0
19.07119065217536,1.194433485897972,0.6171123911858272,0
16.14805285611396,0.8580391815927333,0.4764705675642704,0
30.214018644387203,1.2263872817504782,0.3696129889502774,0
29.79595217630832,1.0322001811628838,0.7049358084238617,0
31.969404808422663,1.329947700888991,0.8178300455880063,1
24.65696213069091,1.2261668528087653,0.6758235182307976,0
27.85542568377172,1.2172160984805152,0.4265394499985682,0
26.260199098701154,0.8389766422766733,0.6334934987263483,0
31.186853928859616,0.8908084057459231,0.5039049521297239,0
24.942814021573326,1.0523359393495628,0.5372771200653049,0
23.463892954053975,0.9880468845180497,0.6314585370191583,0
22.548688944089356,1.3513047504548954,0.4447496963282681,0
33.43876121411945,1.3551804063472137,0.5573502645475966,0
32.10175178138,1.381297439821432,0.7530728752659037,1
31.547270684164218,1.0868361704973564,0.5973651017973814,0
20.72617483747479,1.279347037335866,0.571306583431263,0
17.755490670123336,1.3787383935024755,0.6704764287657939,0
26.55771441748399,0.8379526883749375,0.6281429478897881,0
16.314410424644652,1.3267989923203658,0.644987089506142,0
20.577346269191246,1.380593930491371,0.46199327067577467,0
32.43034665989649,1.2109132045234912,0.5747175507067145,0
18.98801048397784,1.0500770717007801,0.6166682268429051,0
19.314548693724607,1.4155774604417695,0.4406274917347687,0
33.59347774380966,1.0381691874635306,0.5568218059507763,0
22.524141732645173,1.2316180640250802,0.5970408330365168,0
25.82462179765673,1.1069956173408855,0.5721110379651684,0
28.73148996433852,1.3309852698835138,0.6748515735250828,0
25.7412256605758,1.1628738689879672,0.5108059560620407,0
28.797066113391512,1.1751858786755331,0.7204163487234899,0
26.753993623926686,1.4668336094824865,0.6192560812185957,0
27.944459959100037,1.0878278132896635,0.5990191800659015,0
22.24456776908103,1.7260112391169637,0.5971299829697401,0
29.786367327961823,0.9995390720572433,0.6471005527197936,0
29.601535429039554,1.0387870338016323,0.5337528547425989,0
22.308495135696553,1.5009811426834778,0.8256708897329582,0
31.101369509057932,1.2558898519216277,0.36679660632203015,0
28.395511797773768,1.3657944878427646,0.4077353431417218,0
27.29192196484228,0.9843419945983509,0.5236842076831902,0
25.345986124374036,1.5367722855086234,0.6586297438745764,0
24.94933518537281,1.1461330738580358,0.6765225970011001,0
26.877561895067227,1.1727139475942916,0.5565486217730337,0
27.086911109969936,0.9867863688776257,0.578129431311772,0
24.723576726775505,1.5770304258745804,0.7173269924371208,0
24.621223002882793,1.3858732192552776,0.5286232985377648,0
24.291620322572108,0.8748635762303361,0.540472858341504,0
25.954685756854403,1.1931381497426046,0.6626369424531645,0
22.771014315845033,1.1845183913085515,0.5627766021671121,0
27.15654833926986,0.9239189138150099,0.6312155773231176,0
27.477061580146547,1.3397132643338923,0.6589144046760141,0
18.585312761748096,1.6375339934269253,0.6810532344398309,0
25.649465669635774,1.1184333198333882,0.5785525397854229,0
27.948135175849757,1.3864607368838953,0.6627816908738391,0
29.20764651317979,1.1067027661742772,0.471574249749894,0
20.848028203820803,1.1590011032036704,0.5515802280936677,0
25.22738226664714,1.2692489086481715,0.4052302025735438,0
25.98718387975032,0.9405732571777183,0.48720040624499855,0
26.35736735947701,0.8986740728634344,0.8885726522675124,0
31.31117573649956,1.2711934913266196,0.4498202012628253,0
23.04888806314524,0.9267037133974648,0.5748210896817607,0
26.447915266297784,1.3418089751204105,0.6696007473044719,0
19.909657937191618,1.0291807894109701,0.42683346224472174,0
24.33528336843298,1.0979846924612984,0.6789781970069164,0
23.813010180009186,0.9452250509247653,0.5334100116556505,0
20.58206296639822,1.1876463994119082,0.6285419821698475,0
22.203315940301533,1.3314705469842278,0.5213068231071694,0
19.35732992502381,1.3711748957302439,0.6480896983541211,0
20.27057922264986,0.938256264470454,0.6739171294762256,0
29.017267984584194,1.141480397191943,0.4490796186273761,0
23.64339678725365,1.004209840215289,0.7203050267293922,0
14.787656179867676,1.3524602275430562,0.6914897753060183,0
25.810601678550434,1.3619067218402923,0.7133143564122174,0
19.843107474775465,0.9339322712529454,0.6502321370518485,0
26.859877606096713,1.3104400090372148,0.5660239018538826,0
29.256775549909225,1.5063875664357613,0.632978092844836,0
23.860542123496547,1.1792621257111158,0.5179764956107272,0
20.10825570247492,1.1760907138468653,0.5891050061971308,0
32.118605203712406,1.436351079417863,0.5789216513999726,0
31.6824986576056,1.2833038754475286,0.43650673032124154,0
21.4624790045236,0.9745970259699971,0.6106906496665427,0
28.557653149965905,1.1076040559123785,0.5005733765500162,0
23.52217727005584,1.1337251638657893,0.7229793780808854,0
22.81757730213343,0.9729345715518283,0.6144588222654503,0
18.8455293288011,1.5729114612559216,0.7723736949343392,0
28.58588958923712,1.1015656138625718,0.5924890231284468,0
32.131422677054324,1.4102673075532652,0.6131603592704588,0
29.941312192913895,1.4745977291865013,0.6082176721711327,0
20.334754492164194,0.7794124667467195,0.5673198329080043,0
20.015467442334593,1.0054216470988369,0.6360476849353173,0
25.2559120639003,1.0791889133347403,0.3202177593837242,0
25.6991043360708,1.3143250209315154,0.6155765137832167,0
25.1815080315022,1.4372719094965984,0.573842899836507,0
29.74825557026876,0.6275142903502287,0.7809048656859658,0
20.64159705503073,1.1370157056353183,0.5789900206743196,0
22.014148550679128,1.185546842654793,0.6660679324295493,0
19.274024755601776,1.0878146370457527,0.6322181653070477,0
32.72860721971276,1.378933592047231,0.484179379757731,0
22.028725680374492,1.3719491072713341,0.454353415736865,0
24.984308188110262,1.0949411298975982,0.6089537858592482,0
26.09932596983446,1.124616207559004,0.4455866637477175,0
32.762418512210864,1.1718744260330818,0.7452905711190223,1
22.539682137199716,0.8909596471569337,0.5815612205329889,0
25.171402271587652,1.1355714241998967,0.49127785457350365,0
19.53461296613983,1.1794176856265235,0.7305582377260491,0
27.47128495637481,0.9537688779544374,0.5683042526785511,0
22.24315388404887,1.4311950469224786,0.56447922777267,0
24.634932742808804,1.4271118569316161,0.5525461704841159,0
26.53319403587438,1.0060168526443904,0.5166931189724112,0
19.558362583070867,1.3439156738851186,0.5612714086051149,0
29.439792951261367,0.854488851741841,0.7441242666656573,0
25.79117736617371,0.7630813734023635,0.46892499149517247,0
16.26611260180711,1.010381406967589,0.7817618936558681,0
33.894542632505456,0.8890486422589035,0.7249818024917136,1
25.623033539583172,1.1175028806568037,0.6927192043830166,0
29.67104192695819,1.040349135639984,0.5925205945200064,0
18.469265567857732,1.4457646299552374,0.7212637798327515,0
29.33980744578898,0.9618376574259513,0.7212031648839388,0
23.781862246691247,1.1663788881170174,0.5465976909581174,0
25.40626471452994,1.3479504429810998,0.5573126307500778,0
28.92898958593048,1.1889940470349503,0.6653513406627565,0
31.0723398845986,1.244025297795592,0.7669982502282838,1
22.95590528291347,1.1127906093968445,0.6152489473618531,0
27.174333724221462,1.2602992079564823,0.5694918425838662,0
24.994024741124445,1.3376357144471958,0.7175634493544567,0
20.680667218233033,1.0257474029033897,0.6182146125240184,0
25.89789222819579,1.71353265466734,0.6462524392143952,0
28.6411706837532,1.6013614921496524,0.730499747015754,0
27.892251988599146,1.1719221030952278,0.6097167361708461,0
20.35294137689359,1.0322069387883626,0.605146792577712,0
19.11746729307589,1.234403882729616,0.5157724803234438,0
22.986757519888222,0.9182895553782342,0.6192579061750672,0
29.794405895232885,0.9353674876054243,0.6509659250265293,0
25.893028781682393,1.4360695706267592,0.7116756442838461,0
22.32257564592633,1.304871831121115,0.5256256484782164,0
20.5973440210837,1.2985313928458804,0.659997335854912,0
22.42284256952432,0.9557173554939142,0.48893488622827314,0
18.87856123749324,1.0776606397795598,0.5368857914691483,0
20.350221963024275,1.4667640414985943,0.5625997038511804,0
31.288507960882306,0.9577676656224141,0.6525188368933437,0
26.870333712048197,1.2887263378951175,0.6309175247687498,0
27.10685725310474,1.4078555130372161,0.5044702690220011,0
22.29410626488416,1.0925405183585957,0.6620742234829871,0
34.124730375084866,0.837652364321249,0.5106855921780158,0
32.165736169763306,1.4815249406129343,0.599738344024119,0
35.779235274701726,1.0526600306607659,0.40330800494525376,0
25.453674355128705,1.2231285661756777,0.5483594060562444,0
32.99216047693869,0.9566671088424907,0.6928824640185482,0
20.190351071142594,1.2110785624519542,0.5173662743900083,0
27.000389549778223,1.3287842372035688,0.44104937871704547,0
31.440928785725916,1.1841240524227152,0.581917559549697,0
19.168944599672557,1.134706996903165,0.5554109132446163,0
32.431534648904346,1.6690261127746706,0.5643624292240592,0
17.278248058541582,1.1505662559655927,0.6046548967924951,0
26.8036192247461,0.9673973555755562,0.6562405958198023,0
28.847323275954093,1.086024995761645,0.814348449532621,0
20.998208212643725,1.119230278024557,0.5964724641367274,0
28.12390413188028,1.4785236169362128,0.5136586912348515,0
22.36008635733471,0.924785512300338,0.6956883196396915,0
28.84876520645586,1.355195611860176,0.7728195380228577,0
29.946659901421725,1.4928614789029861,0.547029858547972,0
22.71714580280243,1.2317405042623781,0.5678946920185544,0
19.58051228893624,1.0734946047434564,0.5935801971999078,0
27.308047810910534,0.922879069027633,0.5162978005429155,0
23.008357499711316,1.2562548540851928,0.5762629053054967,0
20.076336441656366,1.412577130428205,0.5478475294394978,0
13.675782645597604,1.1446333507634008,0.516807303208471,0
21.29254775089591,1.106529503447053,0.5854945938653414,0
22.767100095772875,1.3148085641804477,0.728643526152303,0
23.28912621865278,1.380818163589321,0.6647644504522061,0
31.353192470796643,1.3564189434569416,0.49714090306730546,0
27.047831700366203,1.3623823195916336,0.5250048969068952,0
18.950042090470966,1.49147282525057,0.5988268368920222,0
24.87253839097843,1.3108368996933766,0.6061301595582264,0
29.93714630087679,1.4236705555420461,0.5649671026952627,0
28.71577432868655,0.9733267615557533,0.7195690215499191,0
21.03792247003664,1.459490158143802,0.6622577266210519,0
22.065037747523753,1.141041368740709,0.4384595581229842,0
22.515091168151347,1.0932541059984229,0.533320737177725,0
30.042145766176837,1.2992836408533508,0.5753183602222,0
20.222317478848826,1.3248651999716983,0.5721172620423717,0
30.280989961152088,1.2612839662753896,0.5165212149811164,0
29.844265303557663,1.2431577572126487,0.5245252599369261,0
12.906256351821742,1.0955257138226695,0.8457260548314615,0
20.271546220624423,1.2593815102105173,0.6520564475407048,0
33.970239430985224,1.0977946809668397,0.6847393263524238,0
28.289428017682805,1.5922687086771132,0.6473608401777857,0
16.90960211832471,1.420495248810029,0.6175460827668914,0
27.18615219652776,1.4455832891894498,0.6350716189174269,0
30.576636157365186,1.4471836253238257,0.6982017791072461,0
31.78827909626532,1.143289902472606,0.46292643223226965,0
16.988493817949784,1.0287759918297112,0.8817381957830881,0
17.778355654782732,1.2482863801763364,0.730474786330114,0
28.00735681494069,1.3085426664309647,0.6652917888285714,0
23.299439504107713,1.010348270983739,0.6265730275580209,0
33.130278971197306,1.3822728817753056,0.5838671323408756,0
24.34326474394316,0.9279968874531954,0.4349566949225232,0
37.145905242834246,1.1714452116003033,0.5498245979883268,0
24.764319347856556,1.2294033366870178,0.5033364509270392,0
24.684843864473457,0.8635641254005824,0.6466274214987475,0
23.53584146282266,1.1838412867157315,0.4984185308466012,0
17.834803888844547,1.425619751890589,0.533265653736282,0
27.425965982455313,1.1952257622669578,0.5146576589345098,0
26.682523019104238,0.8958512931410046,0.5738534863624055,0
27.932569425107413,1.1705215172194026,0.5567815988799842,0
22.55988891567219,1.0591419002223807,0.6022133656261053,0
23.235696486374724,1.3490103430844886,0.5528307751971763,0
31.64421915283836,1.1380095537533403,0.6218678247976052,0
29.04944553765941,1.3455879558961046,0.5094621230954277,0
24.676613664549336,0.850270480916963,0.49421766219938,0
21.70655256395426,1.3436066615337083,0.5664994936294854,0
28.574404188516894,1.0891888364834532,0.43395729937680994,0
18.081476861853446,1.3248820388164655,0.531490002544252,0
28.486133952526423,1.0024721254156277,0.7526128611353795,0
32.25130019874227,1.146311262698898,0.6006939400258036,0
23.988563505212475,1.184765805698845,0.5460055005668795,0
29.18864825364966,1.3562641704014418,0.5432089762978569,0
24.068037371186538,1.3792382805366172,0.44649052344014223,0
22.27396283436225,1.0416988687066393,0.4668372696180997,0
26.86371646584485,0.9847667439993739,0.5368831486863493,0
26.653613770392234,0.9620133470554563,0.689471398985408,0
24.799813687246257,1.3855771382129356,0.6561104711487371,0
23.368913476590546,1.340832043286816,0.6497209129696385,0
22.78288249962712,0.9726663467012583,0.6618021903478901,0
23.37782136148958,1.2059202248064809,0.5147763782351679,0
15.756590460570232,1.299811755210804,0.5457930292626881,0
29.383403839982602,1.273690271591771,0.688179907076197,0
22.793116778298558,1.1525672593870822,0.7203596555810401,0
28.51545171638824,1.0583865518052402,0.5265156060745146,0
26.9905304436827,1.0340905205469724,0.6672036548879083,0
25.296201325397448,1.2609210825568604,0.5969877433661123,0
31.359754164044,1.0992499937702305,0.596611431242193,0
20.500136084865638,1.385606965285296,0.38208614933039314,0
31.35017068113423,1.2100419281518018,0.5940958635147617,0
22.25455489631262,1.2360388058543452,0.6478172199905577,0
21.947635308574604,1.1397778507927372,0.4393580753388123,0
21.25692163239176,0.7944506254754101,0.4585802339980158,0
30.308582770168478,1.2891846240846132,0.5433393466153803,0
29.093384584190147,1.1294042560305055,0.6328815701941405,0
15.717862855592728,1.460326889345921,0.6990677354326207,0
28.5098889854083,1.1688542997664058,0.5294088651542989,0
29.506821724344952,0.8098756793577448,0.81327668887027,0
20.88852393281307,1.296127209728078,0.6134673533537428,0
22.226529880343033,1.18235271512841,0.5557449980488312,0
20.876933144012224,1.2448461109927207,0.7698858746861825,0
27.03472421463735,1.3530851917404143,0.6117647175818369,0
35.63729845551447,0.9864529032126439,0.5369860229528423,0
30.69931888906126,0.9178706767750773,0.546553974271208,0
28.380009501142244,1.0322333461181175,0.63252012134761,0
33.03997958518413,1.4218736635427538,0.5821865739304863,0
29.239016261508397,1.1042679198390681,0.7115389724859594,0
22.619950331103073,1.2700163104654096,0.7144355684550827,0
29.897593605989726,1.340572733770795,0.6759925667694678,0
23.28617009311439,0.9434009114322524,0.5037967598837456,0
37.7780424356051,1.1056423366724282,0.6485119987947002,0
26.11377812490913,1.4187640097367948,0.5235653847193035,0
31.808766526640227,1.4888737091674837,0.5855000860582834,0
23.373913690618853,1.5260378196154125,0.6893693231704923,0
26.719647457726367,1.0646801359471518,0.6480656876295394,0
20.349986262169466,1.1674579463408465,0.7195321225113034,0
20.4871045336323,1.1977040565555073,0.5128265163166079,0
23.773901935230487,1.201720950425566,0.7312561942136886,0
32.3251680505694,1.0353250802214549,0.6512283119577158,0
22.29591512916108,1.3979669629109848,0.6587031953025448,0
24.363744564749553,1.0799425914089544,0.5937644974496226,0
23.705516861558237,1.5721356663742605,0.6011866002943839,0
23.302709872168656,0.8766080603566484,0.6341409375229813,0
22.185453261664072,1.0549410877508523,0.820169858723496,0
14.670839872435728,0.9819340379947876,0.6274509154794523,0
23.873856688000366,1.1868174897061405,0.8317990497284073,0
27.90350000006246,1.315291240243002,0.4876574555649728,0
25.342443419406703,1.1265946903121224,0.5967963990966948,0
27.68300222920966,1.1268882802552682,0.7960142651556408,0
26.908986887320847,1.0369346768815861,0.5078710050364705,0
18.906579529740352,1.0222346620088771,0.5716837687651929,0
30.173681270645748,1.1179134049171886,0.6230331752080157,0
25.97351806751707,1.3203340026530497,0.7124979021023536,0
23.83412607405556,0.9732334111205588,0.5826029251350932,0
24.119429016319064,1.29081072533243,0.5822936843504578,0
22.954752688216868,1.431106968352922,0.5836057784024484,0
21.099343715036323,1.2248350598264865,0.8977713529656786,0
17.109225623082082,1.1571544571903756,0.5087416348180626,0
27.036982722409046,1.016841692874337,0.5644108309373103,0
28.955670247710554,1.3534079570196342,0.5414831534836335,0
25.973479253110202,1.1758647669728468,0.6337486094488897,0
25.142570484305622,1.2885481913117303,0.6133832545404939,0
12.790328459070476,0.990060710687539,0.5583192329763066,0
12.640174821446013,1.183340484285028,0.6743594749468955,0
18.437459109157086,0.9670928301155358,0.5200933984759447,0
18.29415694551561,1.2549033394223084,0.5080333941249051,0
17.75270992373492,0.9625351331108085,0.5102036593581177,0
24.261816795459307,1.2999699834125282,0.5656798101774372,0
29.447166715745155,1.4646873173497,0.36220132801213867,0
31.722256004254696,1.0992915542551749,0.5296411166007154,0
19.38197974519116,1.4682482101817311,0.61103766055561,0
26.191164535156847,1.3278962953565094,0.6007987426971217,0
26.898078297953617,0.9736980704811061,0.5535177983981276,0
28.95607552184657,1.1922206720345172,0.6167610192434541,0
21.113819872891472,1.141350484983858,0.6768648438326668,0
24.47158388058352,1.3424498502644946,0.8379779058952694,0
25.965484592958976,0.9979763285961019,0.4729356453644312,0
30.824135898665318,1.290880611224893,0.6021428394136475,0
24.522044961005225,0.8344036164827526,0.5300973963118856,0
19.460090601702305,0.7886677019390735,0.7149658049064879,0
25.17731433957869,1.4592810442149347,0.6086112325597066,0
26.458289870668874,0.9939276726572807,0.6540729124414947,0
33.49056558725297,1.071634574670383,0.7439732383092762,1
21.07233112001794,1.394163018823233,0.8475427298245847,0
23.769251877528333,1.4892259440522735,0.48661474961517664,0
21.953749463341083,1.3127215356296669,0.7326800017707763,0
29.452021533543167,1.314405274831841,0.35971694001277543,0
26.739462015909368,1.0793255612998063,0.5199133892128883,0
26.97207026080389,1.6308983123317602,0.5645528885882203,0
23.42536399573472,1.1414330084625914,0.5609979433740993,0
16.85328941274933,1.363713470543682,0.7845571319185372,0
35.25837943104111,1.3852450176135205,0.45725496421885903,0
31.677718600194183,1.551320478849292,0.609349844393064,0
17.032715758092714,1.2656799044591818,0.5296694414726772,0
28.227062627821287,1.0225230385347484,0.4503871907715684,0
17.755649149838053,1.4164658648770914,0.40117112530023813,0
22.123061452336422,1.446195768048556,0.610045184404154,0
23.994487956617068,1.2691822313994319,0.666719155312809,0
25.918334324658986,1.044020423527045,0.6441102904365734,0
25.5802071315341,0.6750654399667245,0.5974101615875274,0
36.32260621199512,0.944354942917709,0.5203801473713121,0
24.21053715924014,0.9467779148382557,0.5923601838854825,0
21.660035740748995,1.2588740186372303,0.6022791606666478,0
34.393219608999914,0.9893297010217197,0.4378350103306,0
17.207988651657473,1.3510543003809237,0.5312966728982528,0
18.135029955107566,1.2978031179335874,0.598423590318686,0
20.209568113006462,1.0642922175179752,0.7048502936895482,0
22.678981074753395,1.5490762525488249,0.5556039187845242,0
24.87133724641635,1.4070275496230105,0.6303585502664311,0
31.321890205933855,1.0504564568350072,0.5657903167343747,0
27.82281922605782,1.213990424597468,0.7623568855081705,0
29.637841866348992,1.2847563005164897,0.7268587073943545,0
23.082065713779837,1.4367507464228833,0.6673654614617769,0
23.8827623754165,1.1473390436966908,0.5320626404012548,0
25.44246293412724,1.251143358631696,0.4385176303274486,0
25.12981860961527,0.9541334124031264,0.47822033963298327,0
17.34212477637355,1.277922488613855,0.6293269639905008,0
21.647915502593083,1.1064151278652739,0.41614239032348044,0
25.266806536816397,0.9452386499537133,0.6562378311440709,0
16.3708211117262,1.1190761846341817,0.5518057632983567,0
26.59316532279788,1.3506281859842555,0.483490567392648,0
28.66660788079833,1.0007922966992875,0.610622276133427,0
26.146376835189727,1.3442237345267813,0.5969844459625635,0
29.35496542738627,1.1482659643382758,0.5180659674059434,0
26.399578131585645,1.3911084351211418,0.6663513863041615,0
22.287908653282976,1.163150711829686,0.4546092208961664,0
22.505746416660884,1.2784569936614247,0.6207258402622373,0
19.843453274850162,1.131661164773216,0.3629817553230553,0
35.992329199417064,1.5183986551401076,0.602053773565663,0
20.275850836146063,1.4599964072882787,0.5789877504775931,0
28.059424692034757,1.1069626774808747,0.7847610232562792,0
27.29004772543857,1.0687306867972575,0.5996174180641104,0
23.535964377728188,1.1575700214603066,0.6774003461092014,0
32.30476591798194,1.051262232224073,0.7121634188338637,1
21.435285477387787,1.2208387531918163,0.47537009440558325,0
21.42800658272261,0.94451142348312,0.5045503785287389,0
28.356044463206022,1.2045017613467555,0.5848942543249892,0
21.045054118343966,1.0766625280049866,0.3950499617351118,0
24.97760657920476,1.3077880134392443,0.6654622238687331,0
19.574989306465753,0.9566389374519246,0.5660679185804273,0
17.630243634775447,1.1725400058938595,0.6384117262304122,0
27.158826545724025,1.4389404165889057,0.5280051131267212,0
26.499583368735866,1.2149979075988286,0.6223301158062678,0
24.566002507516103,1.2721908341483537,0.5260878436639363,0
22.717133125311136,1.1076416199913355,0.7384794138338395,0
19.585310211560312,1.5505576131500762,0.6994600925042365,0
25.661651151562072,1.3225816005398294,0.49960212820027494,0
28.823980316699966,1.194436674771256,0.7117187125051129,0
26.367172044857412,1.2701958228525274,0.6685392387885793,0
18.865530693356835,1.12146613603795,0.777582966121943,0
24.0650519660894,0.9546602598271081,0.6777081133745273,0
21.13126804769393,1.4986350079764628,0.6688927717637743,0
21.29423825897964,1.4350033072878985,0.6363010233018486,0
21.65093426390245,1.2325808230583453,0.6364269681729199,0
26.19488072528374,1.1035066620060119,0.6501839645111142,0
20.33354130259107,1.1264325362211034,0.6105373784447312,0
20.99088028571647,0.9876421341074386,0.5923973765632932,0
28.461524599620663,1.0516127319955038,0.6032479358481125,0
24.645185487332153,1.1542816498362973,0.44398149031177425,0
26.269451267329572,1.253385949472679,0.7099854844509841,0
23.6331563534758,1.2578819659661138,0.49850330416604305,0
23.08610375156864,0.9655175904222919,0.7093706774693298,0
18.845550758818966,1.3279263020497942,0.48446921662500375,0
30.07647121360538,1.1724446230922516,0.5728629331730172,0
23.15152536142069,1.089746957765242,0.5728928412643761,0
38.78372065211756,1.1225452274519552,0.7809294735216098,1
33.53822830826348,0.9417932223659371,0.6274613548055282,0
28.90459084857134,1.3310792673649174,0.6113034896321139,0
19.134411952704074,1.4658123055296652,0.7449396195358322,0
25.346407935529097,1.0386138076283256,0.7079355344947181,0
23.208953726711265,1.51807829098402,0.5099882744978759,0
22.789902301946324,1.5043362981972448,0.5449230509296342,0
26.42724548232332,1.3575997231549943,0.4902184939268718,0
26.10321508888588,1.138076615657889,0.6477605762666016,0
16.76685605708257,0.9990997246589206,0.6011003805307091,0
26.734797971861298,1.2137658912248295,0.6293219817950079,0
20.275035526568132,1.1510887750501526,0.7042797906948606,0
16.342321691620047,0.9085501651292125,0.6082165600242327,0
29.097668559433203,1.3685593624148964,0.6064951933851251,0
28.211243065711237,1.2617635828857108,0.5062495246703436,0
26.712513148106613,0.9670901036223299,0.4027478344913487,0
31.726139084416168,0.8663040464246405,0.6483490212260191,0
27.608087465599137,1.0263297721709055,0.5150549765302195,0
27.79625855175052,1.3439292452081428,0.500464633973743,0
20.415359022058155,1.1794783546549554,0.5367385736200574,0
25.75610790240909,1.1424633352422888,0.7174502935130784,0
19.24043987310263,1.1735508074992371,0.6709536476425557,0
21.029217985499898,1.0791709519746702,0.46850394883221536,0
25.87466190600334,1.2313285759514925,0.5146002147731863,0
29.886905184626077,1.4171289999491767,0.5303222654976305,0
26.168591785524345,0.9338746729617227,0.7118812058774693,0
22.095879649869232,1.295941165911727,0.7666393047712319,0
28.439467678404995,1.1886324294634851,0.710230682227525,0
21.627243917599074,1.3315413069045896,0.6948717069649866,0
32.387447523218725,1.20688082571903,0.6040676741759842,0
31.639321330428118,1.1018416206068031,0.6533247202760227,0
32.52219076174423,1.3640610742969153,0.6043892250976068,0
22.825745353319917,1.2757497175821566,0.6602311377773056,0
24.59774490005622,1.3416818868965807,0.6802568692069804,0
20.694972042794568,1.2712084476147854,0.65400626764792,0
30.090152496660433,1.1251496184239596,0.5450830562875228,0
27.05941799766563,1.2890113535497407,0.5353606680860418,0
12.757569737037706,1.3008810570060843,0.5393705502738054,0
24.70496371287694,1.5300242109775577,0.6322361364534905,0
26.475354348313036,1.417766253172674,0.5183623985060977,0
19.25577230627187,1.4881087249965224,0.6383175344941209,0
10.399083100662107,1.279743791731688,0.41904305733885816,0
25.63247341806683,1.1837491184218365,0.627933868337647,0
28.880488704610798,1.4625875843753284,0.6048463710710303,0
26.86074838633889,1.4271827389186158,0.5665868441424353,0
21.80084003936237,1.3490453882405065,0.45862759200064734,0
19.421742652004596,1.230355983241975,0.4451603727880029,0
23.209284636575497,1.1375004804535167,0.562355470643703,0
23.45781068403548,1.2651404264547572,0.5916933404286432,0
20.599121889537,1.1410761972900736,0.49744377703551157,0
17.78019647056077,1.7618644273149662,0.5726637086489776,0
30.166386391074994,1.4447133233688225,0.5003348677736309,0
17.38793458819459,1.1761817253964635,0.6857422247208308,0
24.5136667018384,1.1286792824204723,0.6830904551573835,0
25.96070397234592,1.1105116830721025,0.4511254511855572,0
28.932875007346976,0.9725247977603597,0.7054395914128517,0
24.252003898441508,0.8674317186095095,0.4985574854523611,0
28.498403181658027,1.3786529094064628,0.6007491865676755,0
22.391630376542093,1.3514111201160453,0.4463703914891628,0
16.219453119286833,1.4134602062772588,0.6371695708936614,0
22.65617589222316,0.9252292120160941,0.5908890672590537,0
22.7739755848457,1.191449490698211,0.5918371181520418,0
31.474194787526827,0.9212606695766545,0.6589431049698354,0
25.941904237600998,1.2145592488606107,0.6741458548358447,0
30.458306986429747,1.276133423855542,0.5815371154606412,0
26.067994516895293,1.306057412096126,0.4759059996299157,0
20.158383665818214,1.0850660041925109,0.7159370343050614,0
23.03468929677279,1.3396171119607156,0.4538704220267531,0
15.94577820805979,1.0649974997581966,0.6587505483781029,0
24.861678896447497,0.90837475462486,0.6184051698301274,0
13.381964752880274,1.6136078407769987,0.5908914792082254,0
20.304726873857568,1.32943570300282,0.5900771608841718,0
24.390581562234964,1.3325894697474538,0.5092347176186794,0
28.30495064624566,1.0924668955714183,0.6134462571579745,0
25.59438832856447,1.4193843010676783,0.70418549769752,0
32.48639549981584,1.3267801175811018,0.5462969806730021,0
16.666184780273447,1.6015005421387818,0.5125481648149285,0
32.68929984291188,1.7163871936300525,0.6101865452042937,0
31.33021146440094,1.106432852282988,0.7198676249301459,1
20.925285708881862,1.051196680687669,0.6203849072315645,0
19.301324493703035,1.0645348614074934,0.6954981463127424,0
27.99163094269425,1.1205333663097514,0.6658094876091353,0
31.504870129660674,1.2061069050623663,0.6674966417121386,0
26.39899299938099,1.5089422444675025,0.5989823766407827,0
22.43298165433584,1.331591058261115,0.5500295976589129,0
27.15399115430928,1.3868219391528815,0.7393490226721644,0
21.097464502027634,1.2367598217453726,0.5102297114485506,0
21.350773746732415,1.0346294314122801,0.6267259777430176,0
27.627327836511434,1.290342715288822,0.671803498050999,0
20.288781840124322,1.2096802121166976,0.6628549998826025,0
19.04042861158255,1.3491262719554997,0.7430349910619827,0
24.203825581191705,1.2131747306151883,0.5655636537138072,0
20.121558179624305,1.2799055559400903,0.5347841006473194,0
26.9391854004387,1.0930019408712992,0.4378590674699895,0
29.86091981137504,1.2541625781352457,0.5974258139344518,0
25.192362352384862,1.2819816002523807,0.5513384901571098,0
23.557256807200336,1.3403244499778957,0.6129050271075148,0
20.021461251470193,1.1128498743164177,0.7216397999041642,0
21.165777474063535,1.5437806597070014,0.5251469867587835,0
20.7371355013265,1.1307689186721877,0.8562278465105034,0
22.98391674120571,1.3220355573573759,0.5807505047348874,0
23.22021764479834,1.7044788983931896,0.4339669801598841,0
30.363156653496265,1.102148180073115,0.6390630314766187,0
33.54509544626217,1.3263530731373343,0.6335537860474587,0
29.08686628281376,1.1636145990015574,0.5327329725082696,0
22.607496607682556,0.9968977504875007,0.5795261141795667,0
32.48864492662465,1.1053007544446058,0.6424249524314397,0
26.8198910749246,1.189086046599393,0.5306491830069767,0
18.13953552050174,1.1627752420720279,0.5100939025109441,0
24.28277637906437,1.2234648881864862,0.5286466966656885,0
21.400355512090655,1.135951636109634,0.6421697484301292,0
18.445130347376956,1.4400488346864146,0.7796738377111401,0
28.677272975056173,1.2668177900788298,0.6092044803094279,0
23.680901705883322,0.9578493057300406,0.7254287700321561,0
33.428800902043946,1.3101431128269836,0.5495499166176382,0
27.216129304409943,1.5238387907352304,0.6245015827196707,0
25.49144738459697,1.0282820332381604,0.5680216543011156,0
18.294160572279296,1.1637247673200575,0.6867684892278014,0
20.105847643919635,0.9564314219033937,0.564046698943678,0
34.903856744028104,1.1996045868287317,0.5453964111338714,0
23.711596242152137,1.0939094450865192,0.6110565344665359,0
27.151690424396627,0.9730920429971761,0.6922025119166528,0
22.907348195790895,1.1126093421156484,0.5785861159459225,0
19.722970651097192,1.318252313454336,0.5823102749649498,0
20.35446593310905,1.1476934817055957,0.6488542349127997,0
28.777336904668626,1.2936321615627564,0.6228369552456638,0
21.955128941594594,1.2072610322249968,0.668663543079311,0
27.9451647832948,1.009280831509408,0.7255420714087507,0
29.13349897419193,1.2633292226897013,0.7123019144087369,0
25.785819893606817,0.8629637933250808,0.48296941374427205,0
24.184699084776504,0.9268926983002668,0.6238578679447763,0
26.388013051277454,1.3528457768177395,0.7922077002662399,0
26.386500346312133,1.1047144227729935,0.6392652323458563,0
17.633766062684852,1.132613828207992,0.5360230417438017,0
24.938278698935346,1.2435874124940947,0.8179150458915525,0
30.61368225722725,1.2910487502328059,0.569633079611751,0
30.70680078921588,1.0027845438600058,0.4897414873848843,0
18.77213440875572,1.3517940123253958,0.4256623371878309,0
21.463459264444307,1.1932258382386192,0.690305217882986,0
25.8589894069487,0.9661329786658184,0.5123054511817002,0
27.978888326961705,1.2744796575824728,0.6569075508935561,0
29.32046696468011,0.9564451869988354,0.4997648283027446,0
27.638554145763933,1.2242033332756825,0.44804207839756516,0
26.39591969763068,1.0375220742903601,0.6287702096152086,0
27.700888191449128,1.2043224929346512,0.581651206725399,0
24.730290577448187,0.6195020464810146,0.39258314528215005,0
32.34071641193334,1.159656294815808,0.5528753418768453,0
15.873106723246716,1.0938502055855583,0.5112350974704888,0
23.289087904450547,1.2647762511088292,0.5566008808133772,0
16.975112222197467,1.259889655536172,0.6089583283406361,0
28.53847465320417,1.4983434718902608,0.6139174693940501,0
17.55850366453142,1.1825410531640776,0.5619297221584125,0
13.434344636027312,1.8007375776260328,0.5653169613355948,0
24.27794476647084,1.0403472932297273,0.5555210090527866,0
18.18211525718055,1.3825482622135254,0.5020109359501332,0
35.54047419792579,1.0330244653924319,0.4455364952443949,0
32.401923095209256,1.0896684312094467,0.45888256919107395,0
23.643959257941127,1.0841895423627093,0.5597824750234177,0
21.007772837373604,0.9713147673986987,0.4954620073026965,0
24.443365226267794,1.3293958674989235,0.6851760511315726,0
22.48033973176478,1.1461478145422228,0.5042515440140225,0
27.03542711219606,1.1998066192095314,0.6950932596421673,0
24.423426167377148,0.9356400424222204,0.6056148187075361,0
23.800125843702975,1.3084732988683991,0.4811948547800533,0
29.492983246044393,1.386564377683128,0.5866406220108281,0
28.1965707432115,1.2302994124436335,0.636580649267666,0
15.874486445309572,1.096697098955539,0.44101388829529276,0
27.769981345391635,1.2643215925431384,0.6015378033109633,0
29.185890896937384,1.4266866512185818,0.6410648693276348,0
26.80478264389687,1.3511802634722831,0.47882653002825565,0
33.29319867885549,1.2910277192914268,0.42753588740513154,0
22.083269687340167,1.0785865290221994,0.5564541053686992,0
30.914090843111182,1.3607769845987625,0.5814855340644114,0
29.03655685979583,1.3309632338624895,0.637920849573394,0
26.800924672861505,1.0967861521845372,0.703603599000252,0
18.23100974342351,1.3411733204768457,0.6938635294167869,0
21.97768177638216,1.0229607772936786,0.7284154115372324,0
